"";"id";"issn_l";"country_code";"type";"is_oa";"cited_by_count";"works_count";"display_name"
"1";"S49861241";"0140-6736";"NL";"journal";FALSE;9716283;467658;"The Lancet"
"2";"S137773608";"0028-0836";"GB";"journal";FALSE;25169559;431710;"Nature"
"3";"S150314616";"0002-7162";"GB";"journal";FALSE;198428;32484;"The Annals of the American Academy of Political and Social Science"
"4";"S80146597";"0003-066X";"US";"journal";FALSE;1262686;20999;"American Psychologist"
"5";"S7015929";"0015-7120";"US";"journal";FALSE;749805;19585;"Foreign Affairs"
"6";"S109723506";"0009-3920";"GB";"journal";FALSE;1376132;16520;"Child Development"
"7";"S166002381";"0021-9010";"US";"journal";FALSE;1308874;13123;"Journal of Applied Psychology"
"8";"S95650557";"0022-3816";"US";"journal";FALSE;276418;12005;"The Journal of Politics"
"9";"S50366009";"0042-0980";"GB";"journal";FALSE;314305;10204;"Urban Studies"
"10";"S90857023";"0197-9183";"US";"journal";FALSE;226780;8799;"International Migration Review"
"11";"S204030396";"0747-5632";"NL";"journal";FALSE;691541;8011;"Computers in Human Behavior"
"12";"S180061323";"0034-6535";"US";"journal";FALSE;681202;7238;"The Review of Economics and Statistics"
"13";"S35223124";"0033-295X";"US";"journal";FALSE;1297431;7148;"Psychological Review"
"14";"S181098927";"0038-0261";"GB";"journal";FALSE;139342;6849;"The Sociological Review"
"15";"S20589029";"0002-7642";"US";"journal";FALSE;195962;5771;"American Behavioral Scientist"
"16";"S187348256";"0146-1672";"US";"journal";FALSE;505700;5286;"Personality and Social Psychology Bulletin"
"17";"S40137911";"0022-3891";"US";"journal";FALSE;248232;5133;"Journal of Personality Assessment"
"18";"S96629499";"0141-9870";"GB";"journal";FALSE;164989;5064;"Ethnic and Racial Studies"
"19";"S193575162";"0363-8111";"US";"journal";FALSE;119715;4489;"Public Relations Review"
"20";"S12410666";"0022-1031";"US";"journal";FALSE;358364;4451;"Journal of Experimental Social Psychology"
"21";"S94908168";"0018-1560";"NL";"journal";FALSE;194277;4291;"Higher Education"
"22";"S25746158";"0001-8791";"US";"journal";FALSE;363044;3822;"Journal of Vocational Behavior"
"23";"S10288104";"0046-2772";"GB";"journal";FALSE;194636;3703;"European Journal of Social Psychology"
"24";"S30543418";"0070-3370";"US";"journal";TRUE;253348;3604;"Demography"
"25";"S162196882";"0307-5079";"GB";"journal";FALSE;170369;3010;"Studies in Higher Education"
"26";"S201710173";"0740-624X";"US";"journal";FALSE;119716;3000;"Government Information Quarterly"
"27";"S82455696";"0192-513X";"US";"journal";FALSE;119414;2799;"Journal of Family Issues"
"28";"S59311786";"0049-089X";"US";"journal";FALSE;123447;2708;"Social Science Research"
"29";"S39476178";"0267-3037";"GB";"journal";FALSE;72356;2650;"Housing Studies"
"30";"S10591207";"0011-3921";"US";"journal";FALSE;53332;2499;"Current Sociology"
"31";"S64744539";"0749-5978";"US";"journal";FALSE;357500;2485;"Organizational Behavior and Human Decision Processes"
"32";"S127118166";"0894-4393";"US";"journal";FALSE;61823;2265;"Social Science Computer Review"
"33";"S179906392";"0144-6665";"GB";"journal";FALSE;141072;2150;"British Journal of Social Psychology"
"34";"S122290859";"0022-1465";"US";"journal";FALSE;314165;2061;"Journal of Health and Social Behavior"
"35";"S119437531";"1461-670X";"GB";"journal";FALSE;57595;1886;"Journalism Studies"
"36";"S100176667";"1751-9020";"GB";"journal";FALSE;41545;1740;"Sociology Compass"
"37";"S124907306";"0963-6625";"GB";"journal";FALSE;71385;1711;"Public Understanding of Science"
"38";"S27211427";"1058-4609";"US";"journal";FALSE;71482;1661;"Political Communication"
"39";"S26186134";"0378-8733";"NL";"journal";FALSE;154332;1635;"Social Networks"
"40";"S79946630";"1544-8444";"GB";"journal";FALSE;44529;1480;"Population Space and Place"
"41";"S190460170";"0167-5923";"NL";"journal";FALSE;35270;1346;"Population Research and Policy Review"
"42";"S30594836";"1083-6101";"US";"journal";TRUE;149423;1084;"Journal of Computer-Mediated Communication"
"43";"S190652642";"1939-2397";"GB";"journal";FALSE;7505;769;"Celebrity Studies"
"44";"S42023019";"1040-2608";"US";"journal";FALSE;15916;637;"Advances in Life Course Research"
"45";"S37739784";"1532-7957";"US";"journal";FALSE;159492;552;"Personality and Social Psychology Review"
"46";"S125754415";"0027-8424";"US";"journal";FALSE;21651131;158129;"Proceedings of the National Academy of Sciences"
"47";"S106822843";"0277-9536";"GB";"journal";FALSE;1333368;20525;"Social Science & Medicine"
"48";"S45992627";"0013-0133";"GB";"journal";FALSE;1109255;19470;"The Economic Journal"
"49";"S95323914";"0022-3808";"US";"journal";FALSE;1314058;15429;"Journal of Political Economy"
"50";"S84074229";"0165-1781";"GB";"journal";FALSE;588898;13495;"Psychiatry Research"
"51";"S23254222";"0002-8282";"US";"journal";FALSE;2014454;10328;"American Economic Review"
"52";"S17147534";"1438-8871";"DE";"journal";TRUE;460347;7649;"Journal of Medical Internet Research"
"53";"S79135273";"0038-0385";"GB";"journal";FALSE;194227;7442;"Sociology"
"54";"S135539873";"0033-362X";"US";"journal";FALSE;238035;7334;"Public Opinion Quarterly"
"55";"S95464858";"0012-9682";"US";"journal";FALSE;1639594;7017;"Econometrica"
"56";"S173252385";"0007-1315";"GB";"journal";FALSE;384170;6693;"British Journal of Sociology"
"57";"S203860005";"0033-5533";"US";"journal";FALSE;1226760;6515;"The Quarterly Journal of Economics"
"58";"S62201805";"0167-2681";"NL";"journal";FALSE;301028;6446;"Journal of Economic Behavior & Organization"
"59";"S88198767";"0010-0277";"NL";"journal";FALSE;575097;5711;"Cognition"
"60";"S46763546";"0363-7425";"US";"journal";FALSE;1544920;5460;"Academy of Management Review"
"61";"S199447588";"0047-2727";"NL";"journal";FALSE;446902;4829;"Journal of Public Economics"
"62";"S168863142";"0022-4537";"US";"journal";FALSE;297065;4344;"Journal of Social Issues"
"63";"S91386000";"0888-4080";"GB";"journal";FALSE;123271;3602;"Applied Cognitive Psychology"
"64";"S108349823";"1065-9129";"US";"journal";FALSE;93027;2631;"Political Research Quarterly"
"65";"S32271328";"0272-4944";"GB";"journal";FALSE;301050;2613;"Journal of Environmental Psychology"
"66";"S50876694";"0539-0184";"GB";"journal";FALSE;57143;2602;"Social Science Information"
"67";"S127708089";"0022-0515";"US";"journal";FALSE;372261;2382;"Journal of Economic Literature"
"68";"S72880728";"0895-3309";"US";"journal";TRUE;521964;2279;"The Journal of Economic Perspectives"
"69";"S136896044";"0013-9165";"US";"journal";FALSE;179544;2197;"Environment and Behavior"
"70";"S90670110";"0066-4308";"US";"journal";FALSE;614869;2089;"Annual Review of Psychology"
"71";"S58059009";"0132-1625";"RU";"journal";FALSE;3453;1868;"Sotsiologicheskie issledovaniya"
"72";"S138235560";"1948-5506";"US";"journal";FALSE;68026;1478;"Social Psychological and Personality Science"
"73";"S27228949";"1745-6916";"GB";"journal";FALSE;211908;1338;"Perspectives on Psychological Science"
"74";"S60621485";"0735-2751";"US";"journal";FALSE;77242;881;"Sociological Theory"
"75";"S106560479";"0065-2601";"US";"book series";FALSE;203099;755;"Advances in experimental social psychology"
"76";"S3880285";"0036-8075";"US";"journal";FALSE;21337633;375806;"Science"
"77";"S202381698";"1932-6203";"US";"journal";TRUE;10855333;281207;"PLoS ONE"
"78";"S9692511";"1664-1078";"CH";"journal";TRUE;973212;37133;"Frontiers in Psychology"
"79";"S176007004";"0003-0554";"US";"journal";FALSE;733498;33975;"American Political Science Review"
"80";"S122471516";"0002-9602";"US";"journal";FALSE;771771;27435;"American Journal of Sociology"
"81";"S4789869";"0094-3061";"US";"journal";FALSE;2239022;25724;"Contemporary Sociology A Journal of Reviews"
"82";"S130611943";"0037-7732";"GB";"journal";FALSE;778021;22702;"Social Forces"
"83";"S29984966";"0022-3514";"US";"journal";FALSE;3060547;16697;"Journal of Personality and Social Psychology"
"84";"S151331055";"0191-8869";"GB";"journal";FALSE;766865;15619;"Personality and Individual Differences"
"85";"S157620343";"0003-1224";"GB";"journal";FALSE;1503199;12833;"American Sociological Review"
"86";"S75627607";"0033-2909";"US";"journal";FALSE;1775135;11243;"Psychological Bulletin"
"87";"S146344";"0022-2445";"GB";"journal";FALSE;533260;6871;"Journal of Marriage and Family"
"88";"S58854535";"0956-7976";"US";"journal";FALSE;756607;5836;"Psychological Science"
"89";"S112952035";"0303-8300";"NL";"journal";FALSE;247591;5707;"Social Indicators Research"
"90";"S107737141";"0021-9916";"US";"journal";FALSE;252330;5090;"Journal of Communication"
"91";"S32314625";"0098-7921";NA;"journal";FALSE;298619;4585;"Population and Development Review"
"92";"S149872823";"1369-183X";"GB";"journal";FALSE;137924;4293;"Journal of Ethnic and Migration Studies"
"93";"S90314269";"0092-5853";"US";"journal";FALSE;417864;3104;"American Journal of Political Science"
"94";"S88603889";"1461-4448";"GB";"journal";FALSE;187709;3055;"New Media & Society"
"95";"S141683002";"0162-895X";"US";"journal";FALSE;141364;2690;"Political Psychology"
"96";"S70010600";"1369-118X";"GB";"journal";FALSE;129190;2514;"Information Communication & Society"
"97";"S159327246";"0266-7215";"GB";"journal";FALSE;94703;1998;"European Sociological Review"
"98";"S202734349";"1389-4978";"NL";"journal";FALSE;119055;1811;"Journal of Happiness Studies"
"99";"S98355519";"0304-422X";"NL";"journal";FALSE;58152;1801;"Poetics"
"100";"S184793761";"1435-9871";"DE";"journal";TRUE;62321;1724;"Demographic Research"
"101";"S44090634";"1367-6261";"GB";"journal";FALSE;50691;1527;"Journal of Youth Studies"
"102";"S36718530";"0038-0407";"US";"journal";FALSE;118282;1476;"Sociology of Education"
"103";"S61274580";"0360-0572";"US";"journal";FALSE;365500;1386;"Annual Review of Sociology"
"104";"S8194976";"1094-2939";"US";"journal";FALSE;115098;633;"Annual Review of Political Science"
